company,fiscal_year,total_revenue,net_income,total_assets,total_liabilities,cash_flow_operating_activities
Microsoft,2024,211914,88136,411543,198265,118548
Microsoft,2023,198270,72361,384620,183512,87582
Microsoft,2022,184903,72738,364840,173422,89035
Tesla,2024,97690,7153,122070,125665,14923
Tesla,2023,96773,14974,106618,140473,13256
Tesla,2022,81462,12587,82338,127855,14724
Apple,2024,391035,93736,364980,308030,118254
Apple,2023,383285,96995,352583,290437,110543
Apple,2022,394328,99803,352755,302083,122151